Th√®me,ID,Mesure,Statut,Emoji,Score (%),Priorit√©,Justification
I ‚Äì Sensibiliser et former,I-1,Former les √©quipes op√©rationnelles,Partiellement conforme,üü°,50,Medium,"**Statut** : Partiellement conforme

**Justification** : L'organisation a mis en place des sessions de sensibilisation annuelles et un programme de formation continue pour les utilisateurs, ce qui montre un effort pour former les √©quipes op√©rationnelles. Cependant, il manque des d√©tails sur les processus de validation et d'√©valuation de l'efficacit√© de ces formations, ainsi que sur les indicateurs de performance associ√©s."
I ‚Äì Sensibiliser et former,I-2,Sensibiliser les utilisateurs,Conforme,‚úÖ,100,Low,"**Statut** : Conforme

**Justification** : L'organisation met en place des sessions de sensibilisation annuelles et un programme de formation continue pour informer les utilisateurs sur les menaces et les meilleures pratiques. De plus, elle documente les incidents et les mesures prises, ce qui renforce la vigilance des employ√©s."
I ‚Äì Sensibiliser et former,I-3,Ma√Ætriser les risques de l‚Äôinfog√©rance,Partiellement conforme,üü°,50,Medium,"**Statut** : Partiellement conforme

**Justification** : L'organisation a mis en place une gouvernance solide avec un comit√© d√©di√© √† la gestion des logs et √† la supervision des indicateurs cl√©s. Cependant, les processus d'infog√©rance et les contr√¥les techniques sp√©cifiques √† la gestion des risques li√©s √† l'infog√©rance ne sont pas suffisamment d√©taill√©s dans les documents fournis, ce qui limite la ma√Ætrise compl√®te des risques associ√©s."
II ‚Äì Conna√Ætre le SI,II-4,Identifier donn√©es/serveurs sensibles & sch√©ma r√©seau,Partiellement conforme,üü°,50,Medium,"**Statut** : Partiellement conforme

**Justification** : L'organisation a mis en place des processus pour identifier les donn√©es et serveurs sensibles, notamment √† travers une classification des syst√®mes d'information et une gestion des incidents de fuite de donn√©es. Cependant, il manque des d√©tails sur la documentation sp√©cifique des sch√©mas r√©seau et sur les indicateurs de performance li√©s √† cette identification."
II ‚Äì Conna√Ætre le SI,II-5,Inventaire des comptes privil√©gi√©s,Non conforme,‚ùå,0,High,"**Statut** : Non conforme

**Justification** : L'organisation ne pr√©sente pas d'inventaire sp√©cifique des comptes privil√©gi√©s, ni de processus clairement d√©fini pour leur gestion. Bien que des proc√©dures de gestion des logs et de classification des syst√®mes d'information soient mentionn√©es, elles ne couvrent pas explicitement les comptes privil√©gi√©s, ce qui constitue une lacune dans la gouvernance et les contr√¥les techniques n√©cessaires."
II ‚Äì Conna√Ætre le SI,II-6,Proc√©dures arriv√©e/d√©part/changement,Partiellement conforme,üü°,50,Medium,"**Statut** : Partiellement conforme

**Justification** : L'organisation a mis en place des proc√©dures pour la gestion des logs, mais il n'est pas clairement indiqu√© comment les proc√©dures d'arriv√©e, de d√©part et de changement des utilisateurs sont sp√©cifiquement adress√©es. Bien que des processus de validation et de suivi soient mentionn√©s, l'absence de d√©tails sur les processus d'approbation et de contr√¥le technique pour ces changements limite la conformit√©."
II ‚Äì Conna√Ætre le SI,II-7,Autoriser la connexion aux seuls √©quipements ma√Ætris√©s,Partiellement conforme,üü°,50,Medium,"{
  ""status"": ""Partiellement conforme"",
  ""justification"": ""L'organisation a mis en place des mesures de gouvernance et des processus pour superviser la gestion des logs et des incidents, mais il n'est pas clairement indiqu√© comment elle limite les connexions aux seuls √©quipements ma√Ætris√©s. Bien que des dispositifs de s√©curit√© soient mentionn√©s, tels que des firewalls et des syst√®mes de d√©tection, l'absence de d√©tails sur les contr√¥les d'acc√®s sp√©cifiques aux √©quipements ma√Ætris√©s laisse un flou sur la conformit√© totale √† cette exigence."",
  ""citations"": [
    {""doc"": ""CFG - Proc√©dure de gestion et revue des logs V0.1.docx"", ""page"": 4},
    {""doc"": ""CFG - Proc√©dure de gestion et revue des logs V0.1.docx"", ""page"": 5},
    {""doc"": ""CFG Politique de lutte contre les fuites de donn√©es"
III ‚Äì Authentifier & contr√¥ler les acc√®s,III-10,R√®gles de mots de passe,Non conforme,‚ùå,0,High,"**Statut** : Non conforme

**Justification** : L'organisation ne pr√©sente pas de r√®gles sp√©cifiques concernant la gestion des mots de passe dans les documents fournis. Bien que des processus de gouvernance et de gestion des logs soient d√©crits, il n'y a aucune mention explicite des exigences relatives aux mots de passe, ce qui est essentiel pour garantir la s√©curit√© des acc√®s. Les documents se concentrent principalement sur la gestion des logs et des fuites de donn√©es sans aborder les politiques de mots de passe."
III ‚Äì Authentifier & contr√¥ler les acc√®s,III-11,Prot√©ger les mots de passe stock√©s,Non conforme,‚ùå,0,High,"**Statut** : Non conforme

**Justification** : L'organisation ne fournit pas de mesures sp√©cifiques concernant la protection des mots de passe stock√©s. Bien que des processus de gestion des logs et de lutte contre les fuites de donn√©es soient en place, il n'y a aucune mention de contr√¥les techniques ou de politiques d√©di√©es √† la s√©curisation des mots de passe, ce qui est essentiel pour r√©pondre √† cette exigence."
III ‚Äì Authentifier & contr√¥ler les acc√®s,III-12,Changer les identifiants par d√©faut,Non conforme,‚ùå,0,High,"**Statut** : Non conforme

**Justification** : L'organisation ne mentionne pas explicitement de processus ou de contr√¥les techniques pour changer les identifiants par d√©faut. Bien que des proc√©dures de gestion des logs et des audits soient en place, il n'y a pas d'indication sur la gestion des identifiants par d√©faut, ce qui est essentiel pour la s√©curit√© des syst√®mes."
III ‚Äì Authentifier & contr√¥ler les acc√®s,III-13,Authentification forte,Non conforme,‚ùå,0,High,"**Statut** : Non conforme

**Justification** : L'organisation ne semble pas avoir mis en place une authentification forte, car les documents fournis se concentrent principalement sur la gestion des logs et la protection des syst√®mes sans mentionner explicitement des m√©canismes d'authentification forte. Les proc√©dures d√©crivent des processus de gouvernance et de surveillance, mais ne traitent pas des exigences sp√©cifiques li√©es √† l'authentification des utilisateurs."
III ‚Äì Authentifier & contr√¥ler les acc√®s,III-8,Comptes nominatifs & s√©paration des r√¥les,Partiellement conforme,üü°,50,Medium,"**Statut** : Partiellement conforme

**Justification** : L'organisation a mis en place des processus de gouvernance et de gestion des logs, ainsi que des √©quipes d√©di√©es √† la s√©curit√© et √† la conformit√©. Cependant, il manque des d√©tails sur la s√©paration des r√¥les et l'utilisation de comptes nominatifs, ce qui est essentiel pour une conformit√© totale. Les documents mentionnent des audits et des sensibilisations, mais ne pr√©cisent pas suffisamment les m√©canismes de s√©paration des r√¥les."
III ‚Äì Authentifier & contr√¥ler les acc√®s,III-9,Droits sur les ressources sensibles,Partiellement conforme,üü°,50,Medium,"{
  ""status"": ""Partiellement conforme"",
  ""justification"": ""L'organisation a mis en place une gouvernance solide avec un comit√© d√©di√© √† la gestion des logs et √† la supervision des indicateurs cl√©s. Cependant, il manque des d√©tails sur les processus d'approbation sp√©cifiques pour l'acc√®s aux ressources sensibles et sur les contr√¥les techniques appliqu√©s pour restreindre cet acc√®s. Les documents mentionnent des audits et des formations, mais ne pr√©cisent pas suffisamment les mesures techniques mises en ≈ìuvre pour prot√©ger les ressources sensibles."",
  ""citations"": [
    {""doc"": ""CFG - Proc√©dure de gestion et revue des logs V0.1.docx"", ""page"": 4},
    {""doc"": ""CFG Classification des syst√®mes d'information.docx"", ""page"": 7},
    {""doc"": ""CFG Politique de lutte contre les fuites de donn"
IV ‚Äì S√©curiser les postes,IV-14,Niveau de s√©curit√© minimal du parc,Partiellement conforme,üü°,50,Medium,"{
  ""status"": ""Partiellement conforme"",
  ""justification"": ""L'organisation a mis en place des processus de gouvernance et de gestion des logs, ainsi que des contr√¥les techniques pour assurer la s√©curit√© des actifs. Cependant, il manque des d√©tails sur les indicateurs de performance sp√©cifiques et la supervision continue des niveaux de s√©curit√© minimaux du parc. Les processus de validation et d'audit sont pr√©sents, mais la documentation sur les mesures de rem√©diation et les preuves de suivi des incidents pourrait √™tre am√©lior√©e."",
  ""citations"": [
    {""doc"": ""CFG - Proc√©dure de gestion et revue des logs V0.1.docx"", ""page"": 4},
    {""doc"": ""CFG Classification des syst√®mes d'information.docx"", ""page"": 7},
    {""doc"": ""CFG Politique de lutte contre les fuites de donn√©es.docx"", ""page"":"
IV ‚Äì S√©curiser les postes,IV-15,Se prot√©ger des supports amovibles,Partiellement conforme,üü°,50,Medium,"**Statut** : Partiellement conforme

**Justification** : L'organisation a mis en place des politiques de lutte contre les fuites de donn√©es et des outils de pr√©vention (DLP) pour g√©rer les supports amovibles, mais il manque des d√©tails sur les processus sp√©cifiques de gouvernance et de contr√¥le technique relatifs √† ces supports. Les mesures de sensibilisation et de formation sont pr√©sentes, mais leur efficacit√© sur la gestion des supports amovibles n'est pas clairement d√©montr√©e."
IV ‚Äì S√©curiser les postes,IV-16,Gestion centralis√©e des politiques de s√©curit√©,Partiellement conforme,üü°,50,Medium,"**Statut** : Partiellement conforme

**Justification** : L'organisation a mis en place un comit√© de gouvernance qui supervise la gestion des logs et valide les √©volutions des politiques de s√©curit√©. Cependant, il manque des d√©tails sur la centralisation des processus et des contr√¥les techniques sp√©cifiques pour assurer une gestion uniforme des politiques de s√©curit√© √† travers l'ensemble de l'organisation."
IV ‚Äì S√©curiser les postes,IV-17,Activer/configurer le pare-feu local,Partiellement conforme,üü°,50,Medium,"**Statut** : Partiellement conforme

**Justification** : L'organisation utilise des firewalls tels que Fortigate et Palo Alto pour la protection p√©rim√©trique, mais il n'est pas pr√©cis√© si le pare-feu local sur chaque machine est activ√© ou configur√© de mani√®re ad√©quate. La gouvernance et la supervision des logs sont en place, mais des d√©tails sur les processus sp√©cifiques de configuration des pare-feux locaux manquent."
IV ‚Äì S√©curiser les postes,IV-18,Chiffrer les donn√©es sensibles transmises,Partiellement conforme,üü°,50,Medium,"**Statut** : Partiellement conforme

**Justification** : L'organisation a mis en place des processus de classification des donn√©es et des outils de d√©tection des fuites, mais il n'est pas clairement indiqu√© que toutes les donn√©es sensibles transmises sont syst√©matiquement chiffr√©es. Les mesures de r√©ponse aux incidents sont bien document√©es, mais le chiffrement des donn√©es sensibles lors de leur transmission n'est pas explicitement mentionn√©."
"IX ‚Äì Superviser, auditer, r√©agir",IX-36,Activer/configurer les journaux,Partiellement conforme,üü°,50,Medium,"{
  ""status"": ""Conforme"",
  ""justification"": ""L'organisation a mis en place une proc√©dure compl√®te pour la gestion et la revue des logs, incluant des processus de gouvernance, des contr√¥les techniques, et des indicateurs de performance. Le comit√© de gouvernance supervise la conformit√© et l'√©volution des dispositifs de journalisation, tandis que le SOC assure la surveillance continue des √©v√©nements de s√©curit√©. Ces √©l√©ments garantissent que les journaux sont activ√©s et configur√©s conform√©ment aux exigences r√©glementaires."",
  ""citations"": [
    {""doc"": ""CFG - Proc√©dure de gestion et revue des logs V0.1.docx"", ""page"": 4},
    {""doc"": ""CFG - Proc√©dure de gestion et revue des logs V0.1.docx"", ""page"": 3},
    {""doc"": ""CFG - Proc√©dure de gestion et revue des logs V0.1.docx"", ""page"": 1}"
"IX ‚Äì Superviser, auditer, r√©agir",IX-37,Politique de sauvegarde,Non conforme,‚ùå,0,High,"**Statut** : Non conforme

**Justification** : L'organisation ne fournit pas d'informations claires sur la politique de sauvegarde, notamment sur le p√©rim√®tre, la fr√©quence, le chiffrement, les tests de restauration, et la supervision. Les documents se concentrent principalement sur la gestion des logs et la lutte contre les fuites de donn√©es, sans mentionner les sauvegardes et la restauration des syst√®mes."
"IX ‚Äì Superviser, auditer, r√©agir",IX-38,Audits r√©guliers & actions correctives,Conforme,‚úÖ,100,Low,"**Statut** : Conforme

**Justification** : L'organisation met en place des audits r√©guliers et des actions correctives via un comit√© de gouvernance qui supervise les indicateurs cl√©s et veille √† la conformit√© des processus. De plus, des mesures de r√©ponse et rem√©diation sont document√©es et suivies trimestriellement pour analyser les KPI et proposer des plans d'action correctifs en cas d'anomalies."
V ‚Äì S√©curiser le r√©seau,V-19,Segmenter & cloisonner le r√©seau,Partiellement conforme,üü°,50,Medium,"**Statut** : Partiellement conforme

**Justification** : L'organisation a mis en place des dispositifs de s√©curit√© tels que des firewalls et un WAF pour segmenter le r√©seau, mais il manque des d√©tails sur les processus de gouvernance et d'audit sp√©cifiques √† la segmentation. Les logs sont collect√©s et analys√©s, mais il n'est pas clairement indiqu√© comment cela s'int√®gre dans une strat√©gie de cloisonnement efficace."
V ‚Äì S√©curiser le r√©seau,V-20,S√©curit√© du Wi-Fi & s√©paration des usages,Non conforme,‚ùå,0,High,"**Statut** : Non conforme

**Justification** : L'organisation ne pr√©sente pas de mesures sp√©cifiques concernant la s√©curit√© du Wi-Fi et la s√©paration des usages. Bien que des processus de gestion des logs et des mesures de s√©curit√© soient mentionn√©s, il n'y a pas d'indications sur la gouvernance ou les contr√¥les techniques relatifs au Wi-Fi. Les documents se concentrent principalement sur la gestion des logs et la lutte contre les fuites de donn√©es sans aborder directement la s√©curit√© des r√©seaux sans fil."
V ‚Äì S√©curiser le r√©seau,V-21,Protocoles r√©seau s√©curis√©s,Partiellement conforme,üü°,50,Medium,"**Statut** : Partiellement conforme

**Justification** : L'organisation a mis en place des dispositifs de s√©curit√© tels que des firewalls et un WAF pour prot√©ger le r√©seau, et un comit√© de gouvernance supervise la gestion des logs et des incidents. Cependant, il n'est pas clairement indiqu√© si des protocoles r√©seau s√©curis√©s sp√©cifiques sont appliqu√©s ou si des processus formels de validation des protocoles sont en place."
V ‚Äì S√©curiser le r√©seau,V-22,Passerelle d‚Äôacc√®s s√©curis√© √† Internet,Partiellement conforme,üü°,50,Medium,"**Statut** : Partiellement conforme

**Justification** : L'organisation dispose de dispositifs de s√©curit√© tels que des firewalls et un WAF pour prot√©ger l'acc√®s √† Internet, mais il manque des d√©tails sur les processus formels de gouvernance et de supervision des incidents. Bien que des logs soient collect√©s et analys√©s, la documentation ne pr√©cise pas suffisamment les indicateurs de performance et les processus d'approbation associ√©s √† la gestion des acc√®s s√©curis√©s."
V ‚Äì S√©curiser le r√©seau,V-23,Cloisonner les services expos√©s Internet,Conforme,‚úÖ,100,Low,"**Statut** : Conforme

**Justification** : L'organisation met en place des dispositifs de s√©curit√© robustes, tels que des firewalls et un WAF, pour cloisonner les services expos√©s √† Internet. La surveillance des √©quipements en DMZ et la collecte de logs renforcent la s√©curit√© des services critiques. De plus, la gouvernance est assur√©e par un comit√© qui suit les indicateurs cl√©s de performance, garantissant ainsi une gestion efficace des risques associ√©s aux services expos√©s."
V ‚Äì S√©curiser le r√©seau,V-24,Prot√©ger la messagerie professionnelle,Partiellement conforme,üü°,50,Medium,"**Statut** : Partiellement conforme

**Justification** : L'organisation a mis en place des outils de d√©tection et de pr√©vention des fuites de donn√©es (DLP) ainsi qu'un processus de traitement des alertes, mais il manque des √©l√©ments sur la gouvernance et la supervision des indicateurs sp√©cifiques √† la messagerie professionnelle. Les proc√©dures de gestion des logs et les audits sont en place, mais leur application sp√©cifique √† la messagerie n'est pas clairement d√©finie."
V ‚Äì S√©curiser le r√©seau,V-25,S√©curiser les interconnexions partenaires,Partiellement conforme,üü°,50,Medium,"**Statut** : Partiellement conforme

**Justification** : L'organisation a mis en place des processus de gouvernance et des contr√¥les techniques pour s√©curiser les interconnexions partenaires, notamment via la supervision des logs et la gestion des incidents. Cependant, il manque des d√©tails sur les processus sp√©cifiques d'approbation des interconnexions et sur la surveillance continue des connexions partenaires, ce qui limite la conformit√© totale."
V ‚Äì S√©curiser le r√©seau,V-26,Contr√¥ler l‚Äôacc√®s aux salles serveurs/locaux techniques,Partiellement conforme,üü°,50,Medium,"**Statut** : Partiellement conforme

**Justification** : L'organisation a mis en place des processus de gouvernance et de supervision pour la gestion des logs, mais il n'est pas clairement indiqu√© comment l'acc√®s aux salles serveurs est sp√©cifiquement contr√¥l√©. Bien que des mesures de s√©curit√© soient mentionn√©es, telles que la surveillance des √©quipements critiques, les d√©tails sur les contr√¥les d'acc√®s physiques aux locaux techniques manquent."
VI ‚Äì S√©curiser l‚Äôadministration,VI-27,Interdire Internet sur postes/serveurs d‚Äôadmin,Non conforme,‚ùå,0,High,"**Statut** : Non conforme

**Justification** : Le document ne mentionne pas explicitement l'interdiction d'acc√®s √† Internet sur les postes ou serveurs d'administration. Bien que des mesures de s√©curit√© soient en place, comme l'utilisation de firewalls et de syst√®mes de d√©tection, il n'y a pas de processus clair ou de contr√¥le technique sp√©cifiant cette interdiction. Cela laisse place √† des interpr√©tations et √† des risques potentiels."
VI ‚Äì S√©curiser l‚Äôadministration,VI-28,R√©seau d‚Äôadministration d√©di√©/cloisonn√©,Non conforme,‚ùå,0,High,"**Statut** : Non conforme

**Justification** : L'organisation ne semble pas avoir mis en place un r√©seau d'administration d√©di√© ou cloisonn√©, ce qui est essentiel pour s√©curiser les op√©rations critiques. Bien que des mesures de s√©curit√© soient mentionn√©es, telles que l'utilisation de firewalls et de syst√®mes de d√©tection, il n'est pas fait mention d'une s√©paration claire des r√©seaux d'administration des autres r√©seaux, ce qui est crucial pour limiter les risques d'acc√®s non autoris√©."
VI ‚Äì S√©curiser l‚Äôadministration,VI-29,Limiter les droits d‚Äôadmin sur postes,Partiellement conforme,üü°,50,Medium,"**Statut** : Partiellement conforme

**Justification** : L'organisation a mis en place des processus de gouvernance et de gestion des logs, mais il n'est pas clairement indiqu√© comment les droits d'administrateur sur les postes sont sp√©cifiquement limit√©s. Bien que des mesures de s√©curit√© soient mentionn√©es, telles que la gestion des incidents et la sensibilisation des utilisateurs, l'absence de d√©tails sur les contr√¥les techniques sp√©cifiques pour restreindre les droits d'admin laisse un flou sur la conformit√© totale √† cette exigence."
VII ‚Äì G√©rer le nomadisme,VII-30,S√©curisation physique des terminaux nomades,Non conforme,‚ùå,0,High,"**Statut** : Non conforme

**Justification** : L'organisation ne pr√©sente pas de mesures sp√©cifiques pour la s√©curisation physique des terminaux nomades, telles que des processus de gouvernance, des contr√¥les techniques ou des indicateurs de supervision adapt√©s. Bien que des proc√©dures de gestion des logs et de lutte contre les fuites de donn√©es soient mentionn√©es, elles ne couvrent pas explicitement la s√©curisation physique des terminaux nomades."
VII ‚Äì G√©rer le nomadisme,VII-31,Chiffrer les donn√©es sensibles (mat√©riel perdable),Partiellement conforme,üü°,50,Medium,"**Statut** : Partiellement conforme

**Justification** : L'organisation a mis en place des processus de classification et de gestion des donn√©es sensibles, mais il n'est pas clairement indiqu√© que toutes les donn√©es sensibles sur mat√©riel perdable sont syst√©matiquement chiffr√©es. Bien que des outils de pr√©vention des pertes de donn√©es (DLP) soient mentionn√©s, l'exigence de chiffrement sp√©cifique n'est pas explicitement abord√©e dans les documents fournis."
VII ‚Äì G√©rer le nomadisme,VII-32,S√©curiser la connexion r√©seau en mobilit√©,Partiellement conforme,üü°,50,Medium,"**Statut** : Partiellement conforme

**Justification** : L'organisation a mis en place des mesures de s√©curit√© pour prot√©ger les connexions r√©seau, notamment via des firewalls et des syst√®mes de d√©tection des fuites de donn√©es. Cependant, il manque des d√©tails sur les processus sp√©cifiques de s√©curisation des connexions en mobilit√©, tels que les approbations et les contr√¥les techniques d√©di√©s √† cette exigence."
VII ‚Äì G√©rer le nomadisme,VII-33,Politiques d√©di√©es aux terminaux mobiles,Non conforme,‚ùå,0,High,"**Statut** : Non conforme

**Justification** : L'organisation ne semble pas avoir mis en place des politiques sp√©cifiques d√©di√©es aux terminaux mobiles, comme l'exige la conformit√©. Bien que des proc√©dures de gestion des logs et des mesures de protection des donn√©es soient mentionn√©es, il n'y a pas d'indications claires sur des processus, contr√¥les techniques ou indicateurs sp√©cifiques relatifs aux terminaux mobiles."
VIII ‚Äì Maintenir le SI √† jour,VIII-34,Politique de mise √† jour,Partiellement conforme,üü°,50,Medium,"**Statut** : Partiellement conforme

**Justification** : L'organisation a mis en place des processus de gouvernance et de sensibilisation, mais il manque des d√©tails sur les processus de mise √† jour sp√©cifiques, tels que les SLA et les approbations formelles. Bien que le comit√© de gouvernance supervise les indicateurs cl√©s, les contr√¥les techniques et les preuves de mise √† jour ne sont pas clairement d√©finis."
VIII ‚Äì Maintenir le SI √† jour,VIII-35,Anticiper fin de support & limiter adh√©rences,Partiellement conforme,üü°,50,Medium,"{
  ""status"": ""Partiellement conforme"",
  ""justification"": ""L'organisation a mis en place un comit√© de gouvernance qui supervise la gestion des logs et valide les √©volutions, ce qui montre une certaine anticipation des fins de support. Cependant, il manque des processus clairement d√©finis pour limiter les adh√©rences aux syst√®mes obsol√®tes, notamment en ce qui concerne la gestion proactive des mises √† jour et des remplacements d'actifs. Les contr√¥les techniques et les indicateurs de performance sont pr√©sents, mais leur efficacit√© dans la limitation des adh√©rences n'est pas explicitement d√©montr√©e."",
  ""citations"": [
    {""doc"": ""CFG - Proc√©dure de gestion et revue des logs V0.1.docx"", ""page"": 4},
    {""doc"": ""CFG - Proc√©dure de gestion et revue des logs V0.1.docx"", ""page"": 7},
    {"
X ‚Äì Pour aller plus loin,X-39,Gestion des vuln√©rabilit√©s avanc√©e (option),Partiellement conforme,üü°,50,Medium,"**Statut** : Partiellement conforme

**Justification** : L'organisation a mis en place des processus de gestion des alertes et des incidents, ainsi qu'un suivi des indicateurs cl√©s via un comit√© de gouvernance. Cependant, il manque des √©l√©ments sp√©cifiques sur la gestion des vuln√©rabilit√©s avanc√©es, notamment des contr√¥les techniques d√©di√©s et des preuves document√©es de la rem√©diation des vuln√©rabilit√©s identifi√©es."
X ‚Äì Pour aller plus loin,X-40,Durcissement renforc√© (option),Partiellement conforme,üü°,50,Medium,"**Statut** : Partiellement conforme

**Justification** : L'organisation a mis en place des processus de gestion des incidents et des logs, ainsi qu'une gouvernance par un comit√© d√©di√©. Cependant, il manque des d√©tails sur les contr√¥les techniques sp√©cifiques au durcissement renforc√© et sur les indicateurs de performance associ√©s √† cette exigence. Les mesures de r√©ponse et rem√©diation sont bien document√©es, mais l'absence d'indicateurs sp√©cifiques pour le durcissement limite la conformit√©."
X ‚Äì Pour aller plus loin,X-41,Tests d‚Äôintrusion r√©guliers (option),Non conforme,‚ùå,0,High,"**Statut** : Non conforme

**Justification** : L'organisation ne mentionne pas la mise en place de tests d'intrusion r√©guliers, ni de processus formalis√©s pour leur r√©alisation. Bien que des mesures de s√©curit√© soient d√©crites, il n'y a pas d'indication sur la fr√©quence ou la gouvernance des tests d'intrusion, ce qui est essentiel pour r√©pondre √† cette exigence."
X ‚Äì Pour aller plus loin,X-42,Plans d‚Äôam√©lioration continue (option),Conforme,‚úÖ,100,Low,"{
  ""status"": ""Partiellement conforme"",
  ""justification"": ""L'organisation a mis en place des processus de gouvernance et de suivi des indicateurs cl√©s (KPI) pour am√©liorer la gestion des logs et des incidents. Cependant, il manque des √©l√©ments concrets sur la mise en ≈ìuvre syst√©matique de plans d'am√©lioration continue, notamment en ce qui concerne la documentation des actions correctives et leur suivi. Les processus sont en place, mais leur application et leur efficacit√© n√©cessitent une formalisation plus rigoureuse."",
  ""citations"": [
    {""doc"": ""CFG - Proc√©dure de gestion et revue des logs V0.1.docx"", ""page"": 4},
    {""doc"": ""CFG - Proc√©dure de gestion et revue des logs V0.1.docx"", ""page"": 8},
    {""doc"": ""CFG Politique de lutte contre les fuites de donn√©es.docx"", ""page"": 12}"
